query,count
proteolysis,76891
lactic acid bacteria,62642
fermentation optimization,38756
bioactive peptides,37895
fermented milk,20583
starter cultures,17478
milk fermentation,17014
dairy fermentation,11587
fermentation kinetics,8385
probiotic dairy,7691
casein hydrolysis,4477
milk acidification,4394
yogurt fermentation,3512
novel dairy processing,2381
future dairy technologies,2338
kefir fermentation,1635
whey protein fermentation,1456
metabolomics dairy,1207
industrial dairy fermentation,1003
flavor compounds yogurt,406
